<<<<<<< HEAD
-- Verileri sırayla ekleyelim
-- 1. Önce ana tablolar
INSERT INTO customers (id, name, email, phone, address, city, district, notes, created_at) VALUES
('c1', 'Ayşe Yılmaz', 'ayse@email.com', '5551112233', 'Bağdat Caddesi No:123', 'İstanbul', 'Kadıköy', 'VIP Müşteri', datetime('now', '-30 days')),
('c2', 'Mehmet Demir', 'mehmet@email.com', '5552223344', 'Abide-i Hürriyet Cd.', 'İstanbul', 'Şişli', 'Düğün organizasyonu müşterisi', datetime('now', '-25 days')),
('c3', 'Fatma Kaya', 'fatma@email.com', '5553334455', 'Ataşehir Bulvarı', 'İstanbul', 'Ataşehir', null, datetime('now', '-20 days')),
('c4', 'Ali Öztürk', null, '5554445566', 'Bağlarbaşı Cd.', 'İstanbul', 'Üsküdar', 'Haftalık düzenli sipariş', datetime('now', '-15 days')),
('c5', 'Zeynep Aydın', 'zeynep@email.com', '5555556677', 'İstiklal Caddesi', 'İstanbul', 'Beyoğlu', null, datetime('now', '-10 days')),
('c6', 'Can Yılmaz', 'can@email.com', '5556667788', 'Teşvikiye', 'İstanbul', 'Şişli', 'Ofis teslimatı', datetime('now', '-5 days')),
('c7', 'Elif Çelik', 'elif@email.com', '5557778899', 'Caddebostan', 'İstanbul', 'Kadıköy', null, datetime('now', '-3 days')),
('c8', 'Murat Şahin', null, '5558889900', 'Fenerbahçe', 'İstanbul', 'Kadıköy', 'Sabah teslimat tercih ediyor', datetime('now', '-1 day'));

=======
-- 1. Önce bağımsız tabloları doldur
-- Müşteriler
INSERT INTO customers (id, name, email, phone, address, city, district, notes, customer_type, company_name, special_dates) VALUES
('c1', 'Ayşe Yılmaz', 'ayse@email.com', '5551112233', 'Bağdat Caddesi No:123', 'İstanbul', 'Kadıköy', 'VIP Müşteri', 'retail', null, null),
('c2', 'Mehmet Demir', 'mehmet@email.com', '5552223344', 'Abide-i Hürriyet Cd.', 'İstanbul', 'Şişli', 'Düğün organizasyonu müşterisi', 'retail', null, null),
('c3', 'Fatma Kaya', 'fatma@email.com', '5553334455', 'Ataşehir Bulvarı', 'İstanbul', 'Ataşehir', null, 'retail', null, null),
('c4', 'Ali Öztürk', null, '5554445566', 'Bağlarbaşı Cd.', 'İstanbul', 'Üsküdar', 'Haftalık düzenli sipariş', 'retail', null, null),
('c5', 'Zeynep Aydın', 'zeynep@email.com', '5555556677', 'İstiklal Caddesi', 'İstanbul', 'Beyoğlu', null, 'retail', null, null),
('c6', 'Can Yılmaz', 'can@email.com', '5556667788', 'Teşvikiye', 'İstanbul', 'Şişli', 'Ofis teslimatı', 'retail', null, null),
('c7', 'Elif Çelik', 'elif@email.com', '5557778899', 'Caddebostan', 'İstanbul', 'Kadıköy', null, 'retail', null, null),
('c8', 'Murat Şahin', null, '5558889900', 'Fenerbahçe', 'İstanbul', 'Kadıköy', 'Sabah teslimat tercih ediyor', 'retail', null, null),
('c9', 'Deniz Yalçın', 'deniz@email.com', '5561234567', 'Kozyatağı', 'İstanbul', 'Kadıköy', 'Premium müşteri', 'retail', null, null),
('c10', 'Selin Avcı', 'selin@firma.com', '5562345678', 'Metrocity', 'İstanbul', '4.Levent', 'Kurumsal müşteri', 'corporate', 'Metro AŞ', null),
('c11', 'Burak Özdemir', 'burak@email.com', '5563456789', 'Göztepe', 'İstanbul', 'Kadıköy', null, 'retail', null, null),
('c12', 'Aylin Kaya', 'aylin@firma.com', '5564567890', 'Akasya', 'İstanbul', 'Üsküdar', 'Aylık düzenli sipariş', 'corporate', 'Akasya AVM', null),
('c13', 'Mert Yılmaz', 'mert@email.com', '5565678901', 'Ortaköy', 'İstanbul', 'Beşiktaş', 'VIP müşteri', 'retail', null, null),
('c14', 'İrem Şahin', 'irem@email.com', '5566789012', 'Ataköy', 'İstanbul', 'Bakırköy', null, 'retail', null, null),
('c15', 'Kaan Demir', 'kaan@firma.com', '5567890123', 'Capacity', 'İstanbul', 'Bakırköy', 'Kurumsal müşteri', 'corporate', 'Capacity AVM', null),
('c16', 'Zehra Çelik', 'zehra@email.com', '5568901234', 'Maltepe', 'İstanbul', 'Maltepe', null, 'retail', null, null),
('c17', 'Onur Aksoy', 'onur@firma.com', '5569012345', 'Hilltown', 'İstanbul', 'Maltepe', 'Düzenli sipariş', 'corporate', 'Hilltown AVM', null),
('c18', 'Ceren Yıldız', 'ceren@email.com', '5570123456', 'Acıbadem', 'İstanbul', 'Kadıköy', 'Premium müşteri', 'retail', null, null),
('c19', 'Emre Kılıç', 'emre@email.com', '5571234567', 'Beylikdüzü', 'İstanbul', 'Beylikdüzü', null, 'retail', null, null),
('c20', 'Aslı Öztürk', 'asli@firma.com', '5572345678', 'Marmara Forum', 'İstanbul', 'Bakırköy', 'Kurumsal', 'corporate', 'Marmara Forum', null),
('c21', 'Berk Aydın', 'berk@email.com', '5573456789', 'Florya', 'İstanbul', 'Bakırköy', null, 'retail', null, null),
('c22', 'Yasemin Kurt', 'yasemin@email.com', '5574567890', 'Bahçeşehir', 'İstanbul', 'Başakşehir', 'VIP müşteri', 'retail', null, null),
('c23', 'Serkan Yalçın', 'serkan@firma.com', '5575678901', 'Mall of İstanbul', 'İstanbul', 'Başakşehir', 'Kurumsal', 'corporate', 'MOI AVM', null),
('c24', 'Melis Demir', 'melis@email.com', '5576789012', 'Çekmeköy', 'İstanbul', 'Çekmeköy', null, 'retail', null, null),
('c25', 'Alper Kaya', 'alper@firma.com', '5577890123', 'Viaport', 'İstanbul', 'Pendik', 'Düzenli sipariş', 'corporate', 'Viaport AVM', null),
('c26', 'Damla Şahin', 'damla@email.com', '5578901234', 'Kartal', 'İstanbul', 'Kartal', null, 'retail', null, null),
('c27', 'Ege Yılmaz', 'ege@email.com', '5579012345', 'Pendik', 'İstanbul', 'Pendik', 'Premium müşteri', 'retail', null, null),
('c28', 'Sude Arslan', 'sude@firma.com', '5580123456', 'Brandium', 'İstanbul', 'Ataşehir', 'Kurumsal', 'corporate', 'Brandium AVM', null),
('c29', 'Gökhan Tekin', 'gokhan@email.com', '5581234567', 'Suadiye', 'İstanbul', 'Kadıköy', 'Premium müşteri', 'retail', null, null),
('c30', 'Merve Yücel', 'merve@firma.com', '5582345678', 'İstinye Park', 'İstanbul', 'Sarıyer', 'Kurumsal müşteri', 'corporate', 'İstinye Park AVM', null),
('c31', 'Tolga Aydın', 'tolga@email.com', '5583456789', 'Erenköy', 'İstanbul', 'Kadıköy', null, 'retail', null, null),
('c32', 'Şeyma Demir', 'seyma@firma.com', '5584567890', 'Palladium', 'İstanbul', 'Ataşehir', 'Aylık düzenli sipariş', 'corporate', 'Palladium AVM', null),
('c33', 'Oğuz Kara', 'oguz@email.com', '5585678901', 'Arnavutköy', 'İstanbul', 'Beşiktaş', 'VIP müşteri', 'retail', null, null),
('c34', 'Bengü Çetin', 'bengu@email.com', '5586789012', 'Yeşilköy', 'İstanbul', 'Bakırköy', null, 'retail', null, null),
('c35', 'Serhat Yıldırım', 'serhat@firma.com', '5587890123', 'Carousel', 'İstanbul', 'Bakırköy', 'Kurumsal müşteri', 'corporate', 'Carousel AVM', null),
('c36', 'Nilüfer Koç', 'nilufer@email.com', '5588901234', 'Dragos', 'İstanbul', 'Maltepe', null, 'retail', null, null),
('c37', 'Barış Özkan', 'baris@firma.com', '5589012345', 'Watergarden', 'İstanbul', 'Ataşehir', 'Düzenli sipariş', 'corporate', 'Watergarden AVM', null),
('c38', 'Meltem Güneş', 'meltem@email.com', '5590123456', 'Küçükyalı', 'İstanbul', 'Maltepe', 'Premium müşteri', 'retail', null, null),
('c39', 'Uğur Şahin', 'ugur@email.com', '5591234567', 'Beylikdüzü Migros', 'İstanbul', 'Beylikdüzü', null, 'retail', null, null),
('c40', 'Pelin Yalın', 'pelin@firma.com', '5592345678', 'Torium', 'İstanbul', 'Beylikdüzü', 'Kurumsal', 'corporate', 'Torium AVM', null);

-- Tedarikçiler
>>>>>>> development
INSERT INTO suppliers (id, name, contact_name, phone, email, address, tax_number) VALUES
('s1', 'Çiçek Bahçesi', 'Ahmet Yıldız', '5301112233', 'ahmet@cicekbahcesi.com', 'Yalova', '1234567890'),
('s2', 'Flora Dünyası', 'Ayşe Demir', '5302223344', 'ayse@flora.com', 'Antalya', '2345678901'),
('s3', 'Yeşil Sera', 'Mehmet Kaya', '5303334455', 'mehmet@yesilsera.com', 'İzmir', '3456789012');

<<<<<<< HEAD
=======
-- Ürün Kategorileri
>>>>>>> development
INSERT INTO product_categories (id, name, description) VALUES
('cat1', 'Buketler', 'Hazır buket çeşitleri'),
('cat2', 'Saksı Çiçekleri', 'İç mekan bitkileri'),
('cat3', 'Orkideler', 'Orkide çeşitleri'),
('cat4', 'Aranjmanlar', 'Özel tasarım aranjmanlar'),
('cat5', 'Kutuda Çiçekler', 'Özel kutu tasarımları');

<<<<<<< HEAD
-- 2. Sonra bağımlı tablolar
=======
-- 2. Sonra bağımlı tabloları doldur
-- Ürünler (kategori bağımlılığı)
>>>>>>> development
INSERT INTO products (id, category_id, name, description, purchase_price, retail_price, wholesale_price, stock) VALUES
('p1', 'cat1', 'Kırmızı Gül Buketi', '12 adet kırmızı gül', 150.00, 250.00, 200.00, 20),
('p2', 'cat1', 'Karışık Mevsim Buketi', 'Mevsim çiçekleri', 100.00, 180.00, 150.00, 15),
('p3', 'cat2', 'Benjamin', 'İç mekan bitkisi', 80.00, 150.00, 120.00, 10),
('p4', 'cat3', 'Mor Orkide', 'Çift dallı mor orkide', 200.00, 350.00, 300.00, 8),
('p5', 'cat4', 'Lüks Aranjman', 'Özel tasarım', 250.00, 450.00, 400.00, 5),
('p6', 'cat5', 'Kutuda Güller', 'Özel kutu tasarımı', 180.00, 300.00, 250.00, 12);

<<<<<<< HEAD
INSERT INTO orders (id, customer_id, status, delivery_date, delivery_address, delivery_city, delivery_district, recipient_name, recipient_phone, subtotal, total_amount, payment_status, notes, created_at) VALUES
-- Bugünün Siparişleri (20 adet)
('o1', 'c1', 'new', datetime('now'), 'Bağdat Caddesi No:123', 'İstanbul', 'Kadıköy', 'Ayşe Yılmaz', '5551112233', 250.00, 250.00, 'paid', 'Kırmızı güller', datetime('now', '-2 hours')),
('o2', 'c2', 'preparing', datetime('now'), 'Şişli Merkez', 'İstanbul', 'Şişli', 'Mehmet Demir', '5552223344', 175.00, 175.00, 'pending', null, datetime('now', '-1 hour')),
('o3', 'c3', 'delivering', datetime('now'), 'Ataşehir Bulvarı', 'İstanbul', 'Ataşehir', 'Fatma Kaya', '5553334455', 320.00, 320.00, 'paid', 'Öğlen teslimat', datetime('now')),
('o4', 'c4', 'new', datetime('now'), 'Üsküdar', 'İstanbul', 'Üsküdar', 'Ali Öztürk', '5554445566', 150.00, 150.00, 'pending', null, datetime('now', '-4 hours')),
('o5', 'c5', 'preparing', datetime('now'), 'Beyoğlu', 'İstanbul', 'Beyoğlu', 'Zeynep Aydın', '5555556677', 450.00, 450.00, 'paid', null, datetime('now', '-3 hours')),
('o6', 'c6', 'new', datetime('now'), 'Teşvikiye', 'İstanbul', 'Şişli', 'Can Yılmaz', '5556667788', 600.00, 600.00, 'pending', null, datetime('now', '-2 hours')),
('o7', 'c7', 'delivering', datetime('now'), 'Caddebostan', 'İstanbul', 'Kadıköy', 'Elif Çelik', '5557778899', 180.00, 180.00, 'paid', null, datetime('now', '-1 hour')),
('o8', 'c8', 'new', datetime('now'), 'Fenerbahçe', 'İstanbul', 'Kadıköy', 'Murat Şahin', '5558889900', 250.00, 250.00, 'pending', null, datetime('now')),
('o9', 'c1', 'preparing', datetime('now'), 'Bağdat Caddesi', 'İstanbul', 'Kadıköy', 'Ayşe Yılmaz', '5551112233', 450.00, 450.00, 'paid', null, datetime('now', '-5 hours')),
('o10', 'c2', 'delivering', datetime('now'), 'Şişli', 'İstanbul', 'Şişli', 'Mehmet Demir', '5552223344', 350.00, 350.00, 'pending', null, datetime('now', '-4 hours')),
('o11', 'c3', 'new', datetime('now'), 'Ataşehir', 'İstanbul', 'Ataşehir', 'Fatma Kaya', '5553334455', 350.00, 350.00, 'paid', null, datetime('now', '-3 hours')),
('o12', 'c4', 'preparing', datetime('now'), 'Üsküdar', 'İstanbul', 'Üsküdar', 'Ali Öztürk', '5554445566', 350.00, 350.00, 'pending', null, datetime('now', '-2 hours')),
('o13', 'c5', 'new', datetime('now'), 'Beyoğlu', 'İstanbul', 'Beyoğlu', 'Zeynep Aydın', '5555556677', 350.00, 350.00, 'paid', null, datetime('now', '-1 hour')),
('o14', 'c6', 'delivering', datetime('now'), 'Teşvikiye', 'İstanbul', 'Şişli', 'Can Yılmaz', '5556667788', 350.00, 350.00, 'pending', null, datetime('now')),
('o15', 'c7', 'new', datetime('now'), 'Caddebostan', 'İstanbul', 'Kadıköy', 'Elif Çelik', '5557778899', 350.00, 350.00, 'paid', null, datetime('now', '-6 hours')),
('o16', 'c8', 'preparing', datetime('now'), 'Fenerbahçe', 'İstanbul', 'Kadıköy', 'Murat Şahin', '5558889900', 350.00, 350.00, 'pending', null, datetime('now', '-5 hours')),
('o17', 'c1', 'new', datetime('now'), 'Bağdat Caddesi', 'İstanbul', 'Kadıköy', 'Ayşe Yılmaz', '5551112233', 350.00, 350.00, 'paid', null, datetime('now', '-4 hours')),
('o18', 'c2', 'delivering', datetime('now'), 'Şişli', 'İstanbul', 'Şişli', 'Mehmet Demir', '5552223344', 350.00, 350.00, 'pending', null, datetime('now', '-3 hours')),
('o19', 'c3', 'new', datetime('now'), 'Ataşehir', 'İstanbul', 'Ataşehir', 'Fatma Kaya', '5553334455', 350.00, 350.00, 'paid', null, datetime('now', '-2 hours')),
('o20', 'c4', 'preparing', datetime('now'), 'Üsküdar', 'İstanbul', 'Üsküdar', 'Ali Öztürk', '5554445566', 350.00, 350.00, 'pending', null, datetime('now', '-1 hour')),
('o21', 'c4', 'new', datetime('now'), 'Üsküdar Merkez', 'İstanbul', 'Üsküdar', 'Ali Öztürk', '5554445566', 280.00, 280.00, 'pending', null, datetime('now', '-3 hours')),
('o22', 'c5', 'preparing', datetime('now'), 'Beyoğlu', 'İstanbul', 'Beyoğlu', 'Zeynep Aydın', '5555556677', 350.00, 350.00, 'paid', null, datetime('now', '-2 hours')),
('o23', 'c6', 'new', datetime('now'), 'Teşvikiye', 'İstanbul', 'Şişli', 'Can Yılmaz', '5556667788', 420.00, 420.00, 'pending', null, datetime('now', '-1 hour')),
('o24', 'c7', 'delivering', datetime('now'), 'Caddebostan', 'İstanbul', 'Kadıköy', 'Elif Çelik', '5557778899', 190.00, 190.00, 'paid', null, datetime('now')),
('o25', 'c8', 'new', datetime('now'), 'Fenerbahçe', 'İstanbul', 'Kadıköy', 'Murat Şahin', '5558889900', 225.00, 225.00, 'pending', null, datetime('now', '-4 hours')),
('o26', 'c1', 'preparing', datetime('now'), 'Bağdat Caddesi', 'İstanbul', 'Kadıköy', 'Ayşe Yılmaz', '5551112233', 300.00, 300.00, 'paid', null, datetime('now', '-3 hours')),
('o27', 'c2', 'new', datetime('now'), 'Şişli', 'İstanbul', 'Şişli', 'Mehmet Demir', '5552223344', 175.00, 175.00, 'pending', null, datetime('now', '-2 hours')),
('o28', 'c3', 'delivering', datetime('now'), 'Ataşehir', 'İstanbul', 'Ataşehir', 'Fatma Kaya', '5553334455', 320.00, 320.00, 'paid', null, datetime('now', '-1 hour')),
('o29', 'c4', 'new', datetime('now'), 'Üsküdar', 'İstanbul', 'Üsküdar', 'Ali Öztürk', '5554445566', 150.00, 150.00, 'pending', null, datetime('now')),
('o30', 'c5', 'preparing', datetime('now'), 'İstiklal', 'İstanbul', 'Beyoğlu', 'Zeynep Aydın', '5555556677', 280.00, 280.00, 'paid', null, datetime('now', '-5 hours')),
('o31', 'c6', 'new', datetime('now'), 'Teşvikiye', 'İstanbul', 'Şişli', 'Can Yılmaz', '5556667788', 420.00, 420.00, 'pending', null, datetime('now', '-4 hours')),
('o32', 'c7', 'delivering', datetime('now'), 'Caddebostan', 'İstanbul', 'Kadıköy', 'Elif Çelik', '5557778899', 190.00, 190.00, 'paid', null, datetime('now', '-3 hours')),
('o33', 'c8', 'new', datetime('now'), 'Fenerbahçe', 'İstanbul', 'Kadıköy', 'Murat Şahin', '5558889900', 225.00, 225.00, 'pending', null, datetime('now', '-2 hours')),
('o34', 'c1', 'preparing', datetime('now'), 'Bağdat Caddesi', 'İstanbul', 'Kadıköy', 'Ayşe Yılmaz', '5551112233', 300.00, 300.00, 'paid', null, datetime('now', '-1 hour')),
('o35', 'c2', 'new', datetime('now'), 'Şişli', 'İstanbul', 'Şişli', 'Mehmet Demir', '5552223344', 175.00, 175.00, 'pending', null, datetime('now')),
('o36', 'c3', 'delivering', datetime('now'), 'Ataşehir', 'İstanbul', 'Ataşehir', 'Fatma Kaya', '5553334455', 320.00, 320.00, 'paid', null, datetime('now', '-6 hours')),
('o37', 'c4', 'new', datetime('now'), 'Üsküdar', 'İstanbul', 'Üsküdar', 'Ali Öztürk', '5554445566', 150.00, 150.00, 'pending', null, datetime('now', '-5 hours')),

-- Yarının Siparişleri (15 adet)
('o38', 'c5', 'new', datetime('now', '+1 day'), 'Beyoğlu', 'İstanbul', 'Beyoğlu', 'Zeynep Aydın', '5555556677', 280.00, 280.00, 'pending', null, datetime('now')),
('o39', 'c6', 'new', datetime('now', '+1 day'), 'Teşvikiye', 'İstanbul', 'Şişli', 'Can Yılmaz', '5556667788', 420.00, 420.00, 'paid', null, datetime('now')),
('o40', 'c7', 'new', datetime('now', '+1 day'), 'Caddebostan', 'İstanbul', 'Kadıköy', 'Elif Çelik', '5557778899', 190.00, 190.00, 'pending', null, datetime('now')),
('o41', 'c8', 'new', datetime('now', '+1 day'), 'Fenerbahçe', 'İstanbul', 'Kadıköy', 'Murat Şahin', '5558889900', 225.00, 225.00, 'paid', null, datetime('now')),
('o42', 'c1', 'new', datetime('now', '+1 day'), 'Bağdat Caddesi', 'İstanbul', 'Kadıköy', 'Ayşe Yılmaz', '5551112233', 300.00, 300.00, 'pending', null, datetime('now')),
('o43', 'c2', 'new', datetime('now', '+1 day'), 'Şişli', 'İstanbul', 'Şişli', 'Mehmet Demir', '5552223344', 175.00, 175.00, 'paid', null, datetime('now')),
('o44', 'c3', 'new', datetime('now', '+1 day'), 'Ataşehir', 'İstanbul', 'Ataşehir', 'Fatma Kaya', '5553334455', 320.00, 320.00, 'pending', null, datetime('now')),
('o45', 'c4', 'new', datetime('now', '+1 day'), 'Üsküdar', 'İstanbul', 'Üsküdar', 'Ali Öztürk', '5554445566', 150.00, 150.00, 'paid', null, datetime('now')),
('o46', 'c5', 'new', datetime('now', '+1 day'), 'İstiklal', 'İstanbul', 'Beyoğlu', 'Zeynep Aydın', '5555556677', 280.00, 280.00, 'pending', null, datetime('now')),
('o47', 'c6', 'new', datetime('now', '+1 day'), 'Teşvikiye', 'İstanbul', 'Şişli', 'Can Yılmaz', '5556667788', 420.00, 420.00, 'paid', null, datetime('now')),
('o48', 'c7', 'new', datetime('now', '+1 day'), 'Caddebostan', 'İstanbul', 'Kadıköy', 'Elif Çelik', '5557778899', 190.00, 190.00, 'pending', null, datetime('now')),
('o49', 'c8', 'new', datetime('now', '+1 day'), 'Fenerbahçe', 'İstanbul', 'Kadıköy', 'Murat Şahin', '5558889900', 225.00, 225.00, 'paid', null, datetime('now')),
('o50', 'c1', 'new', datetime('now', '+1 day'), 'Bağdat Caddesi', 'İstanbul', 'Kadıköy', 'Ayşe Yılmaz', '5551112233', 300.00, 300.00, 'pending', null, datetime('now')),
('o51', 'c2', 'new', datetime('now', '+1 day'), 'Şişli', 'İstanbul', 'Şişli', 'Mehmet Demir', '5552223344', 175.00, 175.00, 'paid', null, datetime('now')),
('o52', 'c3', 'new', datetime('now', '+1 day'), 'Ataşehir', 'İstanbul', 'Ataşehir', 'Fatma Kaya', '5553334455', 320.00, 320.00, 'pending', null, datetime('now')),

-- Ertesi Günün Siparişleri (25 adet)
('o53', 'c4', 'new', datetime('now', '+2 days'), 'Üsküdar', 'İstanbul', 'Üsküdar', 'Ali Öztürk', '5554445566', 150.00, 150.00, 'pending', null, datetime('now')),
('o54', 'c5', 'new', datetime('now', '+2 days'), 'Beyoğlu', 'İstanbul', 'Beyoğlu', 'Zeynep Aydın', '5555556677', 280.00, 280.00, 'paid', null, datetime('now')),
('o55', 'c6', 'new', datetime('now', '+2 days'), 'Teşvikiye', 'İstanbul', 'Şişli', 'Can Yılmaz', '5556667788', 420.00, 420.00, 'pending', null, datetime('now')),
('o56', 'c7', 'new', datetime('now', '+2 days'), 'Caddebostan', 'İstanbul', 'Kadıköy', 'Elif Çelik', '5557778899', 190.00, 190.00, 'paid', null, datetime('now')),
('o57', 'c8', 'new', datetime('now', '+2 days'), 'Fenerbahçe', 'İstanbul', 'Kadıköy', 'Murat Şahin', '5558889900', 225.00, 225.00, 'pending', null, datetime('now')),
('o58', 'c1', 'new', datetime('now', '+2 days'), 'Bağdat Caddesi', 'İstanbul', 'Kadıköy', 'Ayşe Yılmaz', '5551112233', 300.00, 300.00, 'paid', null, datetime('now')),
('o59', 'c2', 'new', datetime('now', '+2 days'), 'Şişli', 'İstanbul', 'Şişli', 'Mehmet Demir', '5552223344', 175.00, 175.00, 'pending', null, datetime('now')),
('o60', 'c3', 'new', datetime('now', '+2 days'), 'Ataşehir', 'İstanbul', 'Ataşehir', 'Fatma Kaya', '5553334455', 320.00, 320.00, 'paid', null, datetime('now')),
('o61', 'c4', 'new', datetime('now', '+2 days'), 'Üsküdar', 'İstanbul', 'Üsküdar', 'Ali Öztürk', '5554445566', 150.00, 150.00, 'pending', null, datetime('now')),
('o62', 'c5', 'new', datetime('now', '+2 days'), 'İstiklal', 'İstanbul', 'Beyoğlu', 'Zeynep Aydın', '5555556677', 280.00, 280.00, 'paid', null, datetime('now')),
('o63', 'c6', 'new', datetime('now', '+2 days'), 'Teşvikiye', 'İstanbul', 'Şişli', 'Can Yılmaz', '5556667788', 420.00, 420.00, 'pending', null, datetime('now')),
('o64', 'c7', 'new', datetime('now', '+2 days'), 'Caddebostan', 'İstanbul', 'Kadıköy', 'Elif Çelik', '5557778899', 190.00, 190.00, 'paid', null, datetime('now')),
('o65', 'c8', 'new', datetime('now', '+2 days'), 'Fenerbahçe', 'İstanbul', 'Kadıköy', 'Murat Şahin', '5558889900', 225.00, 225.00, 'pending', null, datetime('now')),
('o66', 'c1', 'new', datetime('now', '+2 days'), 'Bağdat Caddesi', 'İstanbul', 'Kadıköy', 'Ayşe Yılmaz', '5551112233', 300.00, 300.00, 'paid', null, datetime('now')),
('o67', 'c2', 'new', datetime('now', '+2 days'), 'Şişli', 'İstanbul', 'Şişli', 'Mehmet Demir', '5552223344', 175.00, 175.00, 'pending', null, datetime('now')),
('o68', 'c3', 'new', datetime('now', '+2 days'), 'Ataşehir', 'İstanbul', 'Ataşehir', 'Fatma Kaya', '5553334455', 320.00, 320.00, 'paid', null, datetime('now')),
('o69', 'c4', 'new', datetime('now', '+2 days'), 'Üsküdar', 'İstanbul', 'Üsküdar', 'Ali Öztürk', '5554445566', 150.00, 150.00, 'pending', null, datetime('now')),
('o70', 'c5', 'new', datetime('now', '+2 days'), 'İstiklal', 'İstanbul', 'Beyoğlu', 'Zeynep Aydın', '5555556677', 280.00, 280.00, 'paid', null, datetime('now')),
('o71', 'c6', 'new', datetime('now', '+2 days'), 'Teşvikiye', 'İstanbul', 'Şişli', 'Can Yılmaz', '5556667788', 420.00, 420.00, 'pending', null, datetime('now')),
('o72', 'c7', 'new', datetime('now', '+2 days'), 'Caddebostan', 'İstanbul', 'Kadıköy', 'Elif Çelik', '5557778899', 190.00, 190.00, 'paid', null, datetime('now')),
('o73', 'c8', 'new', datetime('now', '+2 days'), 'Fenerbahçe', 'İstanbul', 'Kadıköy', 'Murat Şahin', '5558889900', 225.00, 225.00, 'pending', null, datetime('now')),
('o74', 'c1', 'new', datetime('now', '+2 days'), 'Bağdat Caddesi', 'İstanbul', 'Kadıköy', 'Ayşe Yılmaz', '5551112233', 300.00, 300.00, 'paid', null, datetime('now')),
('o75', 'c2', 'new', datetime('now', '+2 days'), 'Şişli', 'İstanbul', 'Şişli', 'Mehmet Demir', '5552223344', 175.00, 175.00, 'pending', null, datetime('now')),
('o76', 'c3', 'new', datetime('now', '+2 days'), 'Ataşehir', 'İstanbul', 'Ataşehir', 'Fatma Kaya', '5553334455', 320.00, 320.00, 'paid', null, datetime('now')),
('o77', 'c4', 'new', datetime('now', '+2 days'), 'Üsküdar', 'İstanbul', 'Üsküdar', 'Ali Öztürk', '5554445566', 150.00, 150.00, 'pending', null, datetime('now', '-5 hours'));

=======
-- 3. Siparişler ve detayları
-- Siparişler (müşteri bağımlılığı)
INSERT INTO orders (
    id, customer_id, status, 
    delivery_date, delivery_time_slot, delivery_address, delivery_city, delivery_district, delivery_notes, delivery_status,
    recipient_name, recipient_phone, recipient_note, recipient_address, card_message,
    subtotal, delivery_fee, distance_fee, total_amount, cost_price, 
    payment_status, payment_method, created_at
) VALUES
('o1', 'c1', 'new', 
    datetime('now'), 'morning', 'Bağdat Caddesi No:123', 'İstanbul', 'Kadıköy', 'Zile 3 kez basın', 'pending',
    'Ayşe Yılmaz', '5551112233', 'İş yerinde olacak', 'Bağdat Caddesi No:123', 'İyi ki doğdun!',
    250.00, 20.00, 0.00, 270.00, 150.00,  
    'paid', 'credit_card', datetime('now', '-2 hours')),
('o2', 'c2', 'preparing', 
    datetime('now'), 'afternoon', 'Şişli Merkez', 'İstanbul', 'Şişli', null, 'pending',
    'Mehmet Demir', '5552223344', null, 'Şişli Merkez', null,
    175.00, 20.00, 0.00, 195.00, 100.00,  
    'pending', 'cash', datetime('now', '-1 hour')),
('o3', 'c3', 'delivering', 
    datetime('now'), 'evening', 'Ataşehir Bulvarı', 'İstanbul', 'Ataşehir', 'Öğlen teslimat', 'on_way',
    'Fatma Kaya', '5553334455', null, 'Ataşehir Bulvarı', null,
    320.00, 20.00, 0.00, 340.00, 200.00,  
    'paid', 'credit_card', datetime('now')),
('o4', 'c4', 'new', 
    datetime('now'), 'morning', 'Üsküdar', 'İstanbul', 'Üsküdar', null, 'pending',
    'Ali Öztürk', '5554445566', null, 'Üsküdar', null,
    150.00, 20.00, 0.00, 170.00, 80.00,  
    'pending', 'cash', datetime('now', '-4 hours')),
('o5', 'c5', 'preparing', 
    datetime('now'), 'afternoon', 'Beyoğlu', 'İstanbul', 'Beyoğlu', null, 'assigned',
    'Zeynep Aydın', '5555556677', null, 'Beyoğlu', null,
    450.00, 20.00, 0.00, 470.00, 250.00,  
    'paid', 'credit_card', datetime('now', '-3 hours')),
('o6', 'c6', 'new', 
    datetime('now'), 'evening', 'Teşvikiye', 'İstanbul', 'Şişli', null, 'pending',
    'Can Yılmaz', '5556667788', null, 'Teşvikiye', null,
    600.00, 20.00, 0.00, 620.00, 300.00,  
    'pending', 'cash', datetime('now', '-2 hours')),
('o7', 'c7', 'delivering', 
    datetime('now'), 'morning', 'Caddebostan', 'İstanbul', 'Kadıköy', null, 'on_way',
    'Elif Çelik', '5557778899', null, 'Caddebostan', null,
    180.00, 20.00, 0.00, 200.00, 100.00,  
    'paid', 'credit_card', datetime('now', '-1 hour')),
('o8', 'c8', 'new', 
    datetime('now'), 'afternoon', 'Fenerbahçe', 'İstanbul', 'Kadıköy', null, 'pending',
    'Murat Şahin', '5558889900', null, 'Fenerbahçe', null,
    250.00, 20.00, 0.00, 270.00, 150.00,  
    'pending', 'cash', datetime('now')),
('o9', 'c1', 'preparing', 
    datetime('now'), 'evening', 'Bağdat Caddesi', 'İstanbul', 'Kadıköy', null, 'assigned',
    'Ayşe Yılmaz', '5551112233', null, 'Bağdat Caddesi', null,
    450.00, 20.00, 0.00, 470.00, 250.00,  
    'paid', 'credit_card', datetime('now', '-5 hours')),
('o10', 'c2', 'delivering', 
    datetime('now'), 'morning', 'Şişli', 'İstanbul', 'Şişli', null, 'on_way',
    'Mehmet Demir', '5552223344', null, 'Şişli', null,
    350.00, 20.00, 0.00, 370.00, 200.00,  
    'pending', 'cash', datetime('now', '-4 hours')),
('o11', 'c3', 'new', 
    datetime('now'), 'afternoon', 'Ataşehir', 'İstanbul', 'Ataşehir', null, 'pending',
    'Fatma Kaya', '5553334455', null, 'Ataşehir', null,
    350.00, 20.00, 0.00, 370.00, 200.00,  
    'paid', 'credit_card', datetime('now', '-3 hours')),
('o12', 'c4', 'preparing', 
    datetime('now'), 'evening', 'Üsküdar', 'İstanbul', 'Üsküdar', null, 'assigned',
    'Ali Öztürk', '5554445566', null, 'Üsküdar', null,
    350.00, 20.00, 0.00, 370.00, 200.00,  
    'pending', 'cash', datetime('now', '-2 hours')),
('o13', 'c5', 'new', 
    datetime('now'), 'morning', 'Beyoğlu', 'İstanbul', 'Beyoğlu', null, 'pending',
    'Zeynep Aydın', '5555556677', null, 'Beyoğlu', null,
    350.00, 20.00, 0.00, 370.00, 200.00,  
    'paid', 'credit_card', datetime('now', '-1 hour')),
('o14', 'c6', 'delivering', 
    datetime('now'), 'afternoon', 'Teşvikiye', 'İstanbul', 'Şişli', null, 'on_way',
    'Can Yılmaz', '5556667788', null, 'Teşvikiye', null,
    350.00, 20.00, 0.00, 370.00, 200.00,  
    'pending', 'cash', datetime('now')),
('o15', 'c7', 'new', 
    datetime('now'), 'evening', 'Caddebostan', 'İstanbul', 'Kadıköy', null, 'pending',
    'Elif Çelik', '5557778899', null, 'Caddebostan', null,
    350.00, 20.00, 0.00, 370.00, 200.00,  
    'paid', 'credit_card', datetime('now', '-6 hours')),
('o16', 'c8', 'preparing', 
    datetime('now'), 'morning', 'Fenerbahçe', 'İstanbul', 'Kadıköy', null, 'assigned',
    'Murat Şahin', '5558889900', null, 'Fenerbahçe', null,
    350.00, 20.00, 0.00, 370.00, 200.00,  
    'pending', 'cash', datetime('now', '-5 hours')),
('o17', 'c1', 'new', 
    datetime('now'), 'afternoon', 'Bağdat Caddesi', 'İstanbul', 'Kadıköy', null, 'pending',
    'Ayşe Yılmaz', '5551112233', null, 'Bağdat Caddesi', null,
    350.00, 20.00, 0.00, 370.00, 200.00,  
    'paid', 'credit_card', datetime('now', '-4 hours')),
('o18', 'c2', 'delivering', 
    datetime('now'), 'evening', 'Şişli', 'İstanbul', 'Şişli', null, 'on_way',
    'Mehmet Demir', '5552223344', null, 'Şişli', null,
    350.00, 20.00, 0.00, 370.00, 200.00,  
    'pending', 'cash', datetime('now', '-3 hours')),
('o19', 'c3', 'new', 
    datetime('now'), 'morning', 'Ataşehir', 'İstanbul', 'Ataşehir', null, 'pending',
    'Fatma Kaya', '5553334455', null, 'Ataşehir', null,
    350.00, 20.00, 0.00, 370.00, 200.00,  
    'paid', 'credit_card', datetime('now', '-2 hours')),
('o20', 'c4', 'preparing', 
    datetime('now'), 'afternoon', 'Üsküdar', 'İstanbul', 'Üsküdar', null, 'assigned',
    'Ali Öztürk', '5554445566', null, 'Üsküdar', null,
    350.00, 20.00, 0.00, 370.00, 200.00,  
    'pending', 'cash', datetime('now', '-1 hour')),
('o21', 'c4', 'new', 
    datetime('now'), 'evening', 'Üsküdar Merkez', 'İstanbul', 'Üsküdar', null, 'pending',
    'Ali Öztürk', '5554445566', null, 'Üsküdar Merkez', null,
    280.00, 20.00, 0.00, 300.00, 150.00,  
    'pending', 'cash', datetime('now', '-3 hours')),
('o22', 'c5', 'preparing', 
    datetime('now'), 'morning', 'Beyoğlu', 'İstanbul', 'Beyoğlu', null, 'assigned',
    'Zeynep Aydın', '5555556677', null, 'Beyoğlu', null,
    350.00, 20.00, 0.00, 370.00, 200.00,  
    'paid', 'credit_card', datetime('now', '-2 hours')),
('o23', 'c6', 'new', 
    datetime('now'), 'afternoon', 'Teşvikiye', 'İstanbul', 'Şişli', null, 'pending',
    'Can Yılmaz', '5556667788', null, 'Teşvikiye', null,
    420.00, 20.00, 0.00, 440.00, 250.00,  
    'pending', 'cash', datetime('now', '-1 hour')),
('o24', 'c7', 'delivering', 
    datetime('now'), 'evening', 'Caddebostan', 'İstanbul', 'Kadıköy', null, 'on_way',
    'Elif Çelik', '5557778899', null, 'Caddebostan', null,
    190.00, 20.00, 0.00, 210.00, 100.00,  
    'paid', 'credit_card', datetime('now')),
('o25', 'c8', 'new', 
    datetime('now'), 'morning', 'Fenerbahçe', 'İstanbul', 'Kadıköy', null, 'pending',
    'Murat Şahin', '5558889900', null, 'Fenerbahçe', null,
    225.00, 20.00, 0.00, 245.00, 150.00,  
    'pending', 'cash', datetime('now', '-4 hours')),
('o26', 'c1', 'preparing', 
    datetime('now'), 'afternoon', 'Bağdat Caddesi', 'İstanbul', 'Kadıköy', null, 'assigned',
    'Ayşe Yılmaz', '5551112233', null, 'Bağdat Caddesi', null,
    300.00, 20.00, 0.00, 320.00, 200.00,  
    'paid', 'credit_card', datetime('now', '-3 hours')),
('o27', 'c2', 'new', 
    datetime('now'), 'evening', 'Şişli', 'İstanbul', 'Şişli', null, 'pending',
    'Mehmet Demir', '5552223344', null, 'Şişli', null,
    175.00, 20.00, 0.00, 195.00, 100.00,  
    'pending', 'cash', datetime('now', '-2 hours')),
('o28', 'c3', 'delivering', 
    datetime('now'), 'morning', 'Ataşehir', 'İstanbul', 'Ataşehir', null, 'on_way',
    'Fatma Kaya', '5553334455', null, 'Ataşehir', null,
    320.00, 20.00, 0.00, 340.00, 200.00,  
    'paid', 'credit_card', datetime('now', '-1 hour')),
('o29', 'c4', 'new', 
    datetime('now'), 'afternoon', 'Üsküdar', 'İstanbul', 'Üsküdar', null, 'pending',
    'Ali Öztürk', '5554445566', null, 'Üsküdar', null,
    150.00, 20.00, 0.00, 170.00, 80.00,  
    'pending', 'cash', datetime('now')),
('o30', 'c5', 'preparing', 
    datetime('now'), 'evening', 'İstiklal', 'İstanbul', 'Beyoğlu', null, 'assigned',
    'Zeynep Aydın', '5555556677', null, 'İstiklal', null,
    280.00, 20.00, 0.00, 300.00, 150.00,  
    'paid', 'credit_card', datetime('now', '-5 hours')),
('o31', 'c6', 'new', 
    datetime('now'), 'morning', 'Teşvikiye', 'İstanbul', 'Şişli', null, 'pending',
    'Can Yılmaz', '5556667788', null, 'Teşvikiye', null,
    420.00, 20.00, 0.00, 440.00, 250.00,  
    'pending', 'cash', datetime('now', '-4 hours')),
('o32', 'c7', 'delivering', 
    datetime('now'), 'afternoon', 'Caddebostan', 'İstanbul', 'Kadıköy', null, 'on_way',
    'Elif Çelik', '5557778899', null, 'Caddebostan', null,
    190.00, 20.00, 0.00, 210.00, 100.00,  
    'paid', 'credit_card', datetime('now', '-3 hours')),
('o33', 'c8', 'new', 
    datetime('now'), 'evening', 'Fenerbahçe', 'İstanbul', 'Kadıköy', null, 'pending',
    'Murat Şahin', '5558889900', null, 'Fenerbahçe', null,
    225.00, 20.00, 0.00, 245.00, 150.00,  
    'pending', 'cash', datetime('now', '-2 hours')),
('o34', 'c1', 'preparing', 
    datetime('now'), 'morning', 'Bağdat Caddesi', 'İstanbul', 'Kadıköy', null, 'assigned',
    'Ayşe Yılmaz', '5551112233', null, 'Bağdat Caddesi', null,
    300.00, 20.00, 0.00, 320.00, 200.00,  
    'paid', 'credit_card', datetime('now', '-1 hour')),
('o35', 'c2', 'new', 
    datetime('now'), 'afternoon', 'Şişli', 'İstanbul', 'Şişli', null, 'pending',
    'Mehmet Demir', '5552223344', null, 'Şişli', null,
    175.00, 20.00, 0.00, 195.00, 100.00,  
    'pending', 'cash', datetime('now')),
('o36', 'c3', 'delivering', 
    datetime('now'), 'evening', 'Ataşehir', 'İstanbul', 'Ataşehir', null, 'on_way',
    'Fatma Kaya', '5553334455', null, 'Ataşehir', null,
    320.00, 20.00, 0.00, 340.00, 200.00,  
    'paid', 'credit_card', datetime('now', '-6 hours')),
('o37', 'c4', 'new', 
    datetime('now'), 'morning', 'Üsküdar', 'İstanbul', 'Üsküdar', null, 'pending',
    'Ali Öztürk', '5554445566', null, 'Üsküdar', null,
    150.00, 20.00, 0.00, 170.00, 80.00,  
    'pending', 'cash', datetime('now', '-5 hours')),
('o38', 'c5', 'new', 
    datetime('now', '+1 day'), 'afternoon', 'Beyoğlu', 'İstanbul', 'Beyoğlu', null, 'pending',
    'Zeynep Aydın', '5555556677', null, 'Beyoğlu', null,
    280.00, 20.00, 0.00, 300.00, 150.00,  
    'pending', 'cash', datetime('now')),
('o39', 'c6', 'new', 
    datetime('now', '+1 day'), 'evening', 'Teşvikiye', 'İstanbul', 'Şişli', null, 'pending',
    'Can Yılmaz', '5556667788', null, 'Teşvikiye', null,
    420.00, 20.00, 0.00, 440.00, 250.00,  
    'paid', 'credit_card', datetime('now')),
('o40', 'c7', 'new', 
    datetime('now', '+1 day'), 'morning', 'Caddebostan', 'İstanbul', 'Kadıköy', null, 'pending',
    'Elif Çelik', '5557778899', null, 'Caddebostan', null,
    190.00, 20.00, 0.00, 210.00, 100.00,  
    'paid', 'credit_card', datetime('now')),
('o41', 'c8', 'new', 
    datetime('now', '+1 day'), 'afternoon', 'Fenerbahçe', 'İstanbul', 'Kadıköy', null, 'pending',
    'Murat Şahin', '5558889900', null, 'Fenerbahçe', null,
    225.00, 20.00, 0.00, 245.00, 150.00,  
    'paid', 'credit_card', datetime('now')),
('o42', 'c1', 'new', 
    datetime('now', '+1 day'), 'evening', 'Bağdat Caddesi', 'İstanbul', 'Kadıköy', null, 'pending',
    'Ayşe Yılmaz', '5551112233', null, 'Bağdat Caddesi', null,
    300.00, 20.00, 0.00, 320.00, 200.00,  
    'pending', 'cash', datetime('now')),
('o43', 'c2', 'new', 
    datetime('now', '+1 day'), 'morning', 'Şişli', 'İstanbul', 'Şişli', null, 'pending',
    'Mehmet Demir', '5552223344', null, 'Şişli', null,
    175.00, 20.00, 0.00, 195.00, 100.00,  
    'paid', 'credit_card', datetime('now')),
('o44', 'c3', 'new', 
    datetime('now', '+1 day'), 'afternoon', 'Ataşehir', 'İstanbul', 'Ataşehir', null, 'pending',
    'Fatma Kaya', '5553334455', null, 'Ataşehir', null,
    320.00, 20.00, 0.00, 340.00, 200.00,  
    'pending', 'cash', datetime('now')),
('o45', 'c4', 'new', 
    datetime('now', '+1 day'), 'evening', 'Üsküdar', 'İstanbul', 'Üsküdar', null, 'pending',
    'Ali Öztürk', '5554445566', null, 'Üsküdar', null,
    150.00, 20.00, 0.00, 170.00, 80.00,  
    'paid', 'credit_card', datetime('now')),
('o46', 'c5', 'new', 
    datetime('now', '+1 day'), 'morning', 'İstiklal', 'İstanbul', 'Beyoğlu', null, 'pending',
    'Zeynep Aydın', '5555556677', null, 'İstiklal', null,
    280.00, 20.00, 0.00, 300.00, 150.00,  
    'pending', 'cash', datetime('now')),
('o47', 'c6', 'new', 
    datetime('now', '+1 day'), 'afternoon', 'Teşvikiye', 'İstanbul', 'Şişli', null, 'pending',
    'Can Yılmaz', '5556667788', null, 'Teşvikiye', null,
    420.00, 20.00, 0.00, 440.00, 250.00,  
    'paid', 'credit_card', datetime('now')),
('o48', 'c7', 'new', 
    datetime('now', '+1 day'), 'evening', 'Caddebostan', 'İstanbul', 'Kadıköy', null, 'pending',
    'Elif Çelik', '5557778899', null, 'Caddebostan', null,
    190.00, 20.00, 0.00, 210.00, 100.00,  
    'paid', 'credit_card', datetime('now')),
('o49', 'c8', 'new', 
    datetime('now', '+1 day'), 'morning', 'Fenerbahçe', 'İstanbul', 'Kadıköy', null, 'pending',
    'Murat Şahin', '5558889900', null, 'Fenerbahçe', null,
    225.00, 20.00, 0.00, 245.00, 150.00,  
    'paid', 'credit_card', datetime('now')),
('o50', 'c1', 'new', 
    datetime('now', '+1 day'), 'afternoon', 'Bağdat Caddesi', 'İstanbul', 'Kadıköy', null, 'pending',
    'Ayşe Yılmaz', '5551112233', null, 'Bağdat Caddesi', null,
    300.00, 20.00, 0.00, 320.00, 200.00,  
    'pending', 'cash', datetime('now')),
('o51', 'c2', 'new', 
    datetime('now', '+1 day'), 'evening', 'Şişli', 'İstanbul', 'Şişli', null, 'pending',
    'Mehmet Demir', '5552223344', null, 'Şişli', null,
    175.00, 20.00, 0.00, 195.00, 100.00,  
    'paid', 'credit_card', datetime('now')),
('o52', 'c3', 'new', 
    datetime('now', '+1 day'), 'morning', 'Ataşehir', 'İstanbul', 'Ataşehir', null, 'pending',
    'Fatma Kaya', '5553334455', null, 'Ataşehir', null,
    320.00, 20.00, 0.00, 340.00, 200.00,  
    'pending', 'cash', datetime('now')),
('o53', 'c4', 'new', 
    datetime('now', '+2 days'), 'afternoon', 'Üsküdar', 'İstanbul', 'Üsküdar', null, 'pending',
    'Ali Öztürk', '5554445566', null, 'Üsküdar', null,
    150.00, 20.00, 0.00, 170.00, 80.00,  
    'pending', 'cash', datetime('now')),
('o54', 'c5', 'new', 
    datetime('now', '+2 days'), 'evening', 'Beyoğlu', 'İstanbul', 'Beyoğlu', null, 'pending',
    'Zeynep Aydın', '5555556677', null, 'Beyoğlu', null,
    280.00, 20.00, 0.00, 300.00, 150.00,  
    'paid', 'credit_card', datetime('now')),
('o55', 'c6', 'new', 
    datetime('now', '+2 days'), 'morning', 'Teşvikiye', 'İstanbul', 'Şişli', null, 'pending',
    'Can Yılmaz', '5556667788', null, 'Teşvikiye', null,
    420.00, 20.00, 0.00, 440.00, 250.00,  
    'pending', 'cash', datetime('now')),
('o56', 'c7', 'new', 
    datetime('now', '+2 days'), 'afternoon', 'Caddebostan', 'İstanbul', 'Kadıköy', null, 'pending',
    'Elif Çelik', '5557778899', null, 'Caddebostan', null,
    190.00, 20.00, 0.00, 210.00, 100.00,  
    'paid', 'credit_card', datetime('now')),
('o57', 'c8', 'new', 
    datetime('now', '+2 days'), 'evening', 'Fenerbahçe', 'İstanbul', 'Kadıköy', null, 'pending',
    'Murat Şahin', '5558889900', null, 'Fenerbahçe', null,
    225.00, 20.00, 0.00, 245.00, 150.00,  
    'pending', 'cash', datetime('now')),
('o58', 'c1', 'new', 
    datetime('now', '+2 days'), 'morning', 'Bağdat Caddesi', 'İstanbul', 'Kadıköy', null, 'pending',
    'Ayşe Yılmaz', '5551112233', null, 'Bağdat Caddesi', null,
    300.00, 20.00, 0.00, 320.00, 200.00,  
    'paid', 'credit_card', datetime('now')),
('o59', 'c2', 'new', 
    datetime('now', '+2 days'), 'afternoon', 'Şişli', 'İstanbul', 'Şişli', null, 'pending',
    'Mehmet Demir', '5552223344', null, 'Şişli', null,
    175.00, 20.00, 0.00, 195.00, 100.00,  
    'pending', 'cash', datetime('now')),
('o60', 'c3', 'new', 
    datetime('now', '+2 days'), 'evening', 'Ataşehir', 'İstanbul', 'Ataşehir', null, 'pending',
    'Fatma Kaya', '5553334455', null, 'Ataşehir', null,
    320.00, 20.00, 0.00, 340.00, 200.00,  
    'paid', 'credit_card', datetime('now')),
('o61', 'c4', 'new', 
    datetime('now', '+2 days'), 'morning', 'Üsküdar', 'İstanbul', 'Üsküdar', null, 'pending',
    'Ali Öztürk', '5554445566', null, 'Üsküdar', null,
    150.00, 20.00, 0.00, 170.00, 80.00,  
    'pending', 'cash', datetime('now')),
('o62', 'c5', 'new', 
    datetime('now', '+2 days'), 'afternoon', 'İstiklal', 'İstanbul', 'Beyoğlu', null, 'pending',
    'Zeynep Aydın', '5555556677', null, 'İstiklal', null,
    280.00, 20.00, 0.00, 300.00, 150.00,  
    'paid', 'credit_card', datetime('now')),
('o63', 'c6', 'new', 
    datetime('now', '+2 days'), 'evening', 'Teşvikiye', 'İstanbul', 'Şişli', null, 'pending',
    'Can Yılmaz', '5556667788', null, 'Teşvikiye', null,
    420.00, 20.00, 0.00, 440.00, 250.00,  
    'pending', 'cash', datetime('now')),
('o64', 'c7', 'new', 
    datetime('now', '+2 days'), 'morning', 'Caddebostan', 'İstanbul', 'Kadıköy', null, 'pending',
    'Elif Çelik', '5557778899', null, 'Caddebostan', null,
    190.00, 20.00, 0.00, 210.00, 100.00,  
    'paid', 'credit_card', datetime('now')),
('o65', 'c8', 'new', 
    datetime('now', '+2 days'), 'afternoon', 'Fenerbahçe', 'İstanbul', 'Kadıköy', null, 'pending',
    'Murat Şahin', '5558889900', null, 'Fenerbahçe', null,
    225.00, 20.00, 0.00, 245.00, 150.00,  
    'pending', 'cash', datetime('now')),
('o66', 'c1', 'new', 
    datetime('now', '+2 days'), 'evening', 'Bağdat Caddesi', 'İstanbul', 'Kadıköy', null, 'pending',
    'Ayşe Yılmaz', '5551112233', null, 'Bağdat Caddesi', null,
    300.00, 20.00, 0.00, 320.00, 200.00,  
    'paid', 'credit_card', datetime('now')),
('o67', 'c2', 'new', 
    datetime('now', '+2 days'), 'morning', 'Şişli', 'İstanbul', 'Şişli', null, 'pending',
    'Mehmet Demir', '5552223344', null, 'Şişli', null,
    175.00, 20.00, 0.00, 195.00, 100.00,  
    'pending', 'cash', datetime('now')),
('o68', 'c3', 'new', 
    datetime('now', '+2 days'), 'afternoon', 'Ataşehir', 'İstanbul', 'Ataşehir', null, 'pending',
    'Fatma Kaya', '5553334455', null, 'Ataşehir', null,
    320.00, 20.00, 0.00, 340.00, 200.00,  
    'paid', 'credit_card', datetime('now')),
('o69', 'c4', 'new', 
    datetime('now', '+2 days'), 'evening', 'Üsküdar', 'İstanbul', 'Üsküdar', null, 'pending',
    'Ali Öztürk', '5554445566', null, 'Üsküdar', null,
    150.00, 20.00, 0.00, 170.00, 80.00,  
    'pending', 'cash', datetime('now')),
('o70', 'c5', 'new', 
    datetime('now', '+2 days'), 'morning', 'İstiklal', 'İstanbul', 'Beyoğlu', null, 'pending',
    'Zeynep Aydın', '5555556677', null, 'İstiklal', null,
    280.00, 20.00, 0.00, 300.00, 150.00,  
    'paid', 'credit_card', datetime('now')),
('o71', 'c6', 'new', 
    datetime('now', '+2 days'), 'afternoon', 'Teşvikiye', 'İstanbul', 'Şişli', null, 'pending',
    'Can Yılmaz', '5556667788', null, 'Teşvikiye', null,
    420.00, 20.00, 0.00, 440.00, 250.00,  
    'pending', 'cash', datetime('now')),
('o72', 'c7', 'new', 
    datetime('now', '+2 days'), 'evening', 'Caddebostan', 'İstanbul', 'Kadıköy', null, 'pending',
    'Elif Çelik', '5557778899', null, 'Caddebostan', null,
    190.00, 20.00, 0.00, 210.00, 100.00,  
    'paid', 'credit_card', datetime('now')),
('o73', 'c8', 'new', 
    datetime('now', '+2 days'), 'morning', 'Fenerbahçe', 'İstanbul', 'Kadıköy', null, 'pending',
    'Murat Şahin', '5558889900', null, 'Fenerbahçe', null,
    225.00, 20.00, 0.00, 245.00, 150.00,  
    'pending', 'cash', datetime('now')),
('o74', 'c1', 'new', 
    datetime('now', '+2 days'), 'afternoon', 'Bağdat Caddesi', 'İstanbul', 'Kadıköy', null, 'pending',
    'Ayşe Yılmaz', '5551112233', null, 'Bağdat Caddesi', null,
    300.00, 20.00, 0.00, 320.00, 200.00,  
    'paid', 'credit_card', datetime('now')),
('o75', 'c2', 'new', 
    datetime('now', '+2 days'), 'evening', 'Şişli', 'İstanbul', 'Şişli', null, 'pending',
    'Mehmet Demir', '5552223344', null, 'Şişli', null,
    175.00, 20.00, 0.00, 195.00, 100.00,  
    'pending', 'cash', datetime('now')),
('o76', 'c3', 'new', 
    datetime('now', '+2 days'), 'morning', 'Ataşehir', 'İstanbul', 'Ataşehir', null, 'pending',
    'Fatma Kaya', '5553334455', null, 'Ataşehir', null,
    320.00, 20.00, 0.00, 340.00, 200.00,  
    'paid', 'credit_card', datetime('now')),
('o77', 'c4', 'new', 
    datetime('now', '+2 days'), 'afternoon', 'Üsküdar', 'İstanbul', 'Üsküdar', null, 'pending',
    'Ali Öztürk', '5554445566', null, 'Üsküdar', null,
    150.00, 20.00, 0.00, 170.00, 80.00,  
    'pending', 'cash', datetime('now', '-5 hours')),
('o78', 'c9', 'new', 
    datetime('now', '+3 days'), 'morning', 'Kozyatağı', 'İstanbul', 'Kadıköy', null, 'pending',
    'Deniz Yalçın', '5561234567', null, 'Kozyatağı', null,
    350.00, 20.00, 0.00, 370.00, 200.00,  
    'pending', 'credit_card', datetime('now')),
('o79', 'c10', 'preparing', 
    datetime('now', '+3 days'), 'afternoon', 'Metrocity', 'İstanbul', '4.Levent', null, 'assigned',
    'Selin Avcı', '5562345678', null, 'Metrocity', null,
    480.00, 20.00, 0.00, 500.00, 250.00,  
    'paid', 'bank_transfer', datetime('now')),
('o80', 'c11', 'new', 
    datetime('now', '+3 days'), 'evening', 'Göztepe', 'İstanbul', 'Kadıköy', null, 'pending',
    'Burak Özdemir', '5563456789', null, 'Göztepe', null,
    290.00, 20.00, 0.00, 310.00, 150.00,  
    'pending', 'cash', datetime('now')),
('o81', 'c12', 'delivering', 
    datetime('now', '+3 days'), 'morning', 'Akasya', 'İstanbul', 'Üsküdar', null, 'on_way',
    'Aylin Kaya', '5564567890', null, 'Akasya', null,
    420.00, 20.00, 0.00, 440.00, 250.00,  
    'paid', 'credit_card', datetime('now')),
('o82', 'c13', 'new', 
    datetime('now', '+3 days'), 'afternoon', 'Ortaköy', 'İstanbul', 'Beşiktaş', null, 'pending',
    'Mert Yılmaz', '5565678901', null, 'Ortaköy', null,
    380.00, 20.00, 0.00, 400.00, 200.00,  
    'pending', 'cash', datetime('now')),
('o83', 'c14', 'preparing', 
    datetime('now', '+4 days'), 'morning', 'Ataköy', 'İstanbul', 'Bakırköy', null, 'assigned',
    'İrem Şahin', '5566789012', null, 'Ataköy', null,
    450.00, 20.00, 0.00, 470.00, 250.00,  
    'paid', 'credit_card', datetime('now')),
('o84', 'c15', 'new', 
    datetime('now', '+4 days'), 'afternoon', 'Capacity', 'İstanbul', 'Bakırköy', null, 'pending',
    'Kaan Demir', '5567890123', null, 'Capacity', null,
    320.00, 20.00, 0.00, 340.00, 150.00,  
    'pending', 'bank_transfer', datetime('now')),
('o85', 'c16', 'delivering', 
    datetime('now', '+4 days'), 'evening', 'Maltepe', 'İstanbul', 'Maltepe', null, 'on_way',
    'Zehra Çelik', '5568901234', null, 'Maltepe', null,
    280.00, 20.00, 0.00, 300.00, 150.00,  
    'paid', 'credit_card', datetime('now')),
('o86', 'c17', 'new', 
    datetime('now', '+4 days'), 'morning', 'Hilltown', 'İstanbul', 'Maltepe', null, 'pending',
    'Onur Aksoy', '5569012345', null, 'Hilltown', null,
    520.00, 20.00, 0.00, 540.00, 250.00,  
    'pending', 'cash', datetime('now')),
('o87', 'c18', 'preparing', 
    datetime('now', '+4 days'), 'afternoon', 'Acıbadem', 'İstanbul', 'Kadıköy', null, 'assigned',
    'Ceren Yıldız', '5570123456', null, 'Acıbadem', null,
    380.00, 20.00, 0.00, 400.00, 200.00,  
    'paid', 'credit_card', datetime('now'));

-- Sipariş Detayları (sipariş ve ürün bağımlılığı)
>>>>>>> development
INSERT INTO order_items (id, order_id, product_id, quantity, unit_price, cost_price) VALUES
('oi1', 'o1', 'p1', 1, 250.00, 150.00),
('oi2', 'o2', 'p2', 1, 180.00, 100.00),
('oi3', 'o3', 'p4', 1, 350.00, 200.00),
('oi4', 'o4', 'p3', 1, 150.00, 80.00),
('oi5', 'o5', 'p5', 1, 450.00, 250.00),
('oi6', 'o6', 'p6', 2, 300.00, 180.00),
('oi7', 'o7', 'p2', 1, 180.00, 100.00),
('oi8', 'o8', 'p1', 1, 250.00, 150.00),
('oi9', 'o9', 'p5', 1, 450.00, 250.00),
('oi10', 'o10', 'p4', 1, 350.00, 200.00),
('oi11', 'o11', 'p1', 1, 350.00, 200.00),
('oi12', 'o12', 'p3', 1, 350.00, 200.00),
('oi13', 'o13', 'p4', 1, 350.00, 200.00),
('oi14', 'o14', 'p5', 1, 350.00, 200.00),
('oi15', 'o15', 'p4', 1, 350.00, 200.00),
('oi16', 'o16', 'p6', 1, 350.00, 200.00),
('oi17', 'o17', 'p1', 1, 350.00, 200.00),
('oi18', 'o18', 'p4', 1, 350.00, 200.00),
('oi19', 'o19', 'p3', 1, 350.00, 200.00),
('oi20', 'o20', 'p2', 1, 350.00, 200.00),
('oi21', 'o21', 'p1', 2, 250.00, 150.00),
('oi22', 'o22', 'p2', 1, 180.00, 100.00),
('oi23', 'o23', 'p3', 2, 150.00, 80.00),
('oi24', 'o24', 'p4', 1, 350.00, 200.00),
('oi25', 'o25', 'p5', 1, 450.00, 250.00),
('oi26', 'o26', 'p6', 1, 300.00, 180.00),
('oi27', 'o27', 'p1', 1, 250.00, 150.00),
('oi28', 'o28', 'p2', 2, 180.00, 100.00),
('oi29', 'o29', 'p3', 1, 150.00, 80.00),
('oi30', 'o30', 'p4', 1, 350.00, 200.00),
('oi31', 'o31', 'p5', 1, 450.00, 250.00),
('oi32', 'o32', 'p6', 1, 300.00, 180.00),
('oi33', 'o33', 'p1', 1, 250.00, 150.00),
('oi34', 'o34', 'p2', 2, 180.00, 100.00),
('oi35', 'o35', 'p3', 1, 150.00, 80.00),
('oi36', 'o36', 'p4', 1, 350.00, 200.00),
('oi37', 'o37', 'p5', 1, 450.00, 250.00),
('oi38', 'o38', 'p1', 2, 250.00, 150.00),
('oi39', 'o39', 'p2', 3, 180.00, 100.00),
('oi40', 'o40', 'p3', 1, 150.00, 80.00),
('oi41', 'o41', 'p4', 1, 350.00, 200.00),
('oi42', 'o42', 'p5', 1, 450.00, 250.00),
('oi43', 'o43', 'p6', 1, 300.00, 180.00),
('oi44', 'o44', 'p1', 2, 250.00, 150.00),
('oi45', 'o45', 'p2', 1, 180.00, 100.00),
('oi46', 'o46', 'p3', 2, 150.00, 80.00),
('oi47', 'o47', 'p4', 1, 350.00, 200.00),
('oi48', 'o48', 'p5', 1, 450.00, 250.00),
('oi49', 'o49', 'p6', 1, 300.00, 180.00),
('oi50', 'o50', 'p1', 2, 250.00, 150.00),
('oi51', 'o51', 'p2', 1, 180.00, 100.00),
('oi52', 'o52', 'p3', 2, 150.00, 80.00),
('oi53', 'o53', 'p4', 1, 350.00, 200.00),
('oi54', 'o54', 'p5', 1, 450.00, 250.00),
('oi55', 'o55', 'p6', 2, 300.00, 180.00),
('oi56', 'o56', 'p1', 1, 250.00, 150.00),
('oi57', 'o57', 'p2', 1, 180.00, 100.00),
('oi58', 'o58', 'p3', 2, 150.00, 80.00),
('oi59', 'o59', 'p4', 1, 350.00, 200.00),
('oi60', 'o60', 'p5', 1, 450.00, 250.00),
('oi61', 'o61', 'p6', 1, 300.00, 180.00),
('oi62', 'o62', 'p1', 2, 250.00, 150.00),
('oi63', 'o63', 'p2', 3, 180.00, 100.00),
('oi64', 'o64', 'p3', 1, 150.00, 80.00),
('oi65', 'o65', 'p4', 1, 350.00, 200.00),
('oi66', 'o66', 'p5', 1, 450.00, 250.00),
('oi67', 'o67', 'p6', 1, 300.00, 180.00),
('oi68', 'o68', 'p1', 2, 250.00, 150.00),
('oi69', 'o69', 'p2', 1, 180.00, 100.00),
('oi70', 'o70', 'p3', 2, 150.00, 80.00),
('oi71', 'o71', 'p4', 1, 350.00, 200.00),
('oi72', 'o72', 'p5', 1, 450.00, 250.00),
('oi73', 'o73', 'p6', 1, 300.00, 180.00),
('oi74', 'o74', 'p1', 2, 250.00, 150.00),
('oi75', 'o75', 'p2', 1, 180.00, 100.00),
('oi76', 'o76', 'p3', 2, 150.00, 80.00),
<<<<<<< HEAD
('oi77', 'o77', 'p4', 1, 350.00, 200.00);

-- Tedarikçi Siparişleri
INSERT INTO purchase_orders (id, supplier_id, status, total_amount, payment_status, created_at) VALUES
('po1', 's1', 'received', 2000.00, 'paid', datetime('now', '-10 days')),
('po2', 's2', 'ordered', 1500.00, 'pending', datetime('now', '-5 days')),
('po3', 's3', 'draft', 3000.00, 'pending', datetime('now'));

-- Tedarikçi Sipariş Detayları
INSERT INTO purchase_order_items (id, purchase_order_id, product_id, quantity, unit_price, total_price) VALUES
('poi1', 'po1', 'p1', 20, 100.00, 2000.00),
('poi2', 'po2', 'p2', 15, 100.00, 1500.00),
('poi3', 'po3', 'p4', 10, 300.00, 3000.00);
=======
('oi77', 'o77', 'p4', 1, 350.00, 200.00),
('oi78', 'o78', 'p1', 2, 175.00, 100.00),
('oi79', 'o79', 'p2', 3, 160.00, 90.00),
('oi80', 'o80', 'p3', 2, 145.00, 85.00),
('oi81', 'o81', 'p4', 1, 420.00, 250.00),
('oi82', 'o82', 'p5', 1, 380.00, 220.00),
('oi83', 'o83', 'p6', 2, 225.00, 130.00),
('oi84', 'o84', 'p1', 2, 160.00, 95.00),
('oi85', 'o85', 'p2', 1, 280.00, 160.00),
('oi86', 'o86', 'p3', 2, 260.00, 150.00),
('oi87', 'o87', 'p4', 1, 380.00, 220.00);

-- 4. En son tedarikçi işlemleri
-- Tedarikçi Siparişleri (tedarikçi bağımlılığı)
INSERT INTO purchase_orders (id, supplier_id, status, total_amount, payment_status, created_at) VALUES
('po1', 's1', 'received', 2000.00, 'paid', datetime('now', '-10 days')),
('po2', 's2', 'ordered', 1500.00, 'pending', datetime('now', '-5 days')),
('po3', 's3', 'draft', 3000.00, 'pending', datetime('now')),
('po4', 's1', 'ordered', 3500.00, 'pending', datetime('now', '-1 days')),
('po5', 's2', 'received', 2800.00, 'paid', datetime('now', '-2 days')),
('po6', 's3', 'draft', 4200.00, 'pending', datetime('now')),
('po7', 's1', 'ordered', 3500.00, 'pending', datetime('now', '-1 days')),
('po8', 's2', 'received', 2800.00, 'paid', datetime('now', '-2 days')),
('po9', 's3', 'draft', 4200.00, 'pending', datetime('now')),
('po10', 's1', 'ordered', 3200.00, 'pending', datetime('now', '-3 days'));

-- Tedarikçi Sipariş Detayları (sipariş ve ürün bağımlılığı)
INSERT INTO purchase_order_items (id, purchase_order_id, product_id, quantity, unit_price, total_price) VALUES
('poi1', 'po1', 'p1', 20, 100.00, 2000.00),
('poi2', 'po2', 'p2', 15, 100.00, 1500.00),
('poi3', 'po3', 'p4', 10, 300.00, 3000.00),
('poi4', 'po4', 'p1', 35, 100.00, 3500.00),
('poi5', 'po5', 'p2', 28, 100.00, 2800.00),
('poi6', 'po6', 'p4', 14, 300.00, 4200.00),
('poi7', 'po7', 'p1', 35, 100.00, 3500.00),
('poi8', 'po8', 'p2', 28, 100.00, 2800.00),
('poi9', 'po9', 'p4', 14, 300.00, 4200.00),
('poi10', 'po10', 'p3', 32, 100.00, 3200.00);
>>>>>>> development
